data.name,average_reading
TRIP_SEGMENTATION/segment_into_trips_dist/get_filtered_points_df,0.1277177627025931
TRIP_SEGMENTATION/segment_into_trips_dist/get_transition_df,0.12171991904162699
TRIP_SEGMENTATION/segment_into_trips_time/get_filtered_points_pre_ts_diff_df,0.06102312830432008
TRIP_SEGMENTATION/segment_into_trips_time/get_transition_df,0.04896719856575752
TRIP_SEGMENTATION/segment_into_trips_dist/post_loop,0.009637999072394989
TRIP_SEGMENTATION/segment_into_trips_time/calculations_per_iteration,0.009030038257105083
TRIP_SEGMENTATION/get_time_range_for_segmentation,0.008812385345143932
TRIP_SEGMENTATION/segment_into_trips_dist/check_transitions_post_loop,0.0054819285690497896
TRIP_SEGMENTATION/handle_out_of_order_points,0.004389608453097595
TRIP_SEGMENTATION/segment_into_trips_time/post_loop,0.001586464757565409
TRIP_SEGMENTATION/segment_into_trips_time/filter_bogus_points,0.000983266447049876
TRIP_SEGMENTATION/segment_into_trips_dist/handle_trip_end,0.000659627289595929
TRIP_SEGMENTATION/segment_into_trips_dist/mark_valid,0.0003925704017833427
TRIP_SEGMENTATION/segment_into_trips_dist/get_last_trip_end_point,0.0003441714427687905
TRIP_SEGMENTATION/segment_into_trips_dist/continue_just_ended,0.00030632289442217953
TRIP_SEGMENTATION/get_filters_in_df,0.00028325290716931125
TRIP_SEGMENTATION/get_time_series,1.9164622159294e-05
TRIP_SEGMENTATION/create_dist_filter,4.974840094848555e-06
TRIP_SEGMENTATION/create_time_filter,4.684489195038672e-06
TRIP_SEGMENTATION/segment_into_trips_dist/set_new_trip_start_point,1.5871754537026088e-06
